ML U.S. Treasury Bills 0-3 Months,ML U.S. Treasuries 10+ Yrs,ML U.S. Treasuries 3-5 Yrs,ML U.S. Corporates 1-3 Yrs,ML U.S. Corporates 3-5 Yrs,ML U.S. Corporates 10+ Yrs,ML Mortgage Master Index
0.000630809,0.654302091,0.203178351,0.126078514,0.239135643,0.654667077,0.170106744
-0.012448126,-0.630725225,-0.301088094,0.258786289,0.294051085,0.590909272,-0.093629818
-0.03988326,0.187606516,-0.54792756,-0.406456608,-0.560726592,0.334993379,-0.266733315
0.007963465,-0.232437563,0.010282163,-0.274197591,-0.233709387,0.135210775,0.893150205
